Total Sentences,Total Words,Total Characters,Average Sentence Length,Average Word Length,Type/Token Ratio (TTR)
3538833,67250252,250672820,19.003511044460137,3.7274629097300633,0.00996012624606968
